<?xml version="1.0" encoding="UTF-8"?>
<spirit:component xmlns:xilinx="http://www.xilinx.com" xmlns:spirit="http://www.spiritconsortium.org/XMLSchema/SPIRIT/1685-2009" xmlns:xsi="http://www.w3.org/2001/XMLSchema-instance">
  <spirit:vendor>xilinx.com</spirit:vendor>
  <spirit:library>user</spirit:library>
  <spirit:name>Keyboard</spirit:name>
  <spirit:version>1.0</spirit:version>
  <spirit:busInterfaces>
    <spirit:busInterface>
      <spirit:name>S00_AXI</spirit:name>
      <spirit:busType spirit:vendor="xilinx.com" spirit:library="interface" spirit:name="aximm" spirit:version="1.0"/>
      <spirit:abstractionType spirit:vendor="xilinx.com" spirit:library="interface" spirit:name="aximm_rtl" spirit:version="1.0"/>
      <spirit:slave>
        <spirit:memoryMapRef spirit:memoryMapRef="S00_AXI"/>
      </spirit:slave>
      <spirit:portMaps>
        <spirit:portMap>
          <spirit:logicalPort>
            <spirit:name>AWADDR</spirit:name>
          </spirit:logicalPort>
          <spirit:physicalPort>
            <spirit:name>s00_axi_awaddr</spirit:name>
          </spirit:physicalPort>
        </spirit:portMap>
        <spirit:portMap>
          <spirit:logicalPort>
            <spirit:name>AWPROT</spirit:name>
          </spirit:logicalPort>
          <spirit:physicalPort>
            <spirit:name>s00_axi_awprot</spirit:name>
          </spirit:physicalPort>
        </spirit:portMap>
        <spirit:portMap>
          <spirit:logicalPort>
            <spirit:name>AWVALID</spirit:name>
          </spirit:logicalPort>
          <spirit:physicalPort>
            <spirit:name>s00_axi_awvalid</spirit:name>
          </spirit:physicalPort>
        </spirit:portMap>
        <spirit:portMap>
          <spirit:logicalPort>
            <spirit:name>AWREADY</spirit:name>
          </spirit:logicalPort>
          <spirit:physicalPort>
            <spirit:name>s00_axi_awready</spirit:name>
          </spirit:physicalPort>
        </spirit:portMap>
        <spirit:portMap>
          <spirit:logicalPort>
            <spirit:name>WDATA</spirit:name>
          </spirit:logicalPort>
          <spirit:physicalPort>
            <spirit:name>s00_axi_wdata</spirit:name>
          </spirit:physicalPort>
        </spirit:portMap>
        <spirit:portMap>
          <spirit:logicalPort>
            <spirit:name>WSTRB</spirit:name>
          </spirit:logicalPort>
          <spirit:physicalPort>
            <spirit:name>s00_axi_wstrb</spirit:name>
          </spirit:physicalPort>
        </spirit:portMap>
        <spirit:portMap>
          <spirit:logicalPort>
            <spirit:name>WVALID</spirit:name>
          </spirit:logicalPort>
          <spirit:physicalPort>
            <spirit:name>s00_axi_wvalid</spirit:name>
          </spirit:physicalPort>
        </spirit:portMap>
        <spirit:portMap>
          <spirit:logicalPort>
            <spirit:name>WREADY</spirit:name>
          </spirit:logicalPort>
          <spirit:physicalPort>
            <spirit:name>s00_axi_wready</spirit:name>
          </spirit:physicalPort>
        </spirit:portMap>
        <spirit:portMap>
          <spirit:logicalPort>
            <spirit:name>BRESP</spirit:name>
          </spirit:logicalPort>
          <spirit:physicalPort>
            <spirit:name>s00_axi_bresp</spirit:name>
          </spirit:physicalPort>
        </spirit:portMap>
        <spirit:portMap>
          <spirit:logicalPort>
            <spirit:name>BVALID</spirit:name>
          </spirit:logicalPort>
          <spirit:physicalPort>
            <spirit:name>s00_axi_bvalid</spirit:name>
          </spirit:physicalPort>
        </spirit:portMap>
        <spirit:portMap>
          <spirit:logicalPort>
            <spirit:name>BREADY</spirit:name>
          </spirit:logicalPort>
          <spirit:physicalPort>
            <spirit:name>s00_axi_bready</spirit:name>
          </spirit:physicalPort>
        </spirit:portMap>
        <spirit:portMap>
          <spirit:logicalPort>
            <spirit:name>ARADDR</spirit:name>
          </spirit:logicalPort>
          <spirit:physicalPort>
            <spirit:name>s00_axi_araddr</spirit:name>
          </spirit:physicalPort>
        </spirit:portMap>
        <spirit:portMap>
          <spirit:logicalPort>
            <spirit:name>ARPROT</spirit:name>
          </spirit:logicalPort>
          <spirit:physicalPort>
            <spirit:name>s00_axi_arprot</spirit:name>
          </spirit:physicalPort>
        </spirit:portMap>
        <spirit:portMap>
          <spirit:logicalPort>
            <spirit:name>ARVALID</spirit:name>
          </spirit:logicalPort>
          <spirit:physicalPort>
            <spirit:name>s00_axi_arvalid</spirit:name>
          </spirit:physicalPort>
        </spirit:portMap>
        <spirit:portMap>
          <spirit:logicalPort>
            <spirit:name>ARREADY</spirit:name>
          </spirit:logicalPort>
          <spirit:physicalPort>
            <spirit:name>s00_axi_arready</spirit:name>
          </spirit:physicalPort>
        </spirit:portMap>
        <spirit:portMap>
          <spirit:logicalPort>
            <spirit:name>RDATA</spirit:name>
          </spirit:logicalPort>
          <spirit:physicalPort>
            <spirit:name>s00_axi_rdata</spirit:name>
          </spirit:physicalPort>
        </spirit:portMap>
        <spirit:portMap>
          <spirit:logicalPort>
            <spirit:name>RRESP</spirit:name>
          </spirit:logicalPort>
          <spirit:physicalPort>
            <spirit:name>s00_axi_rresp</spirit:name>
          </spirit:physicalPort>
        </spirit:portMap>
        <spirit:portMap>
          <spirit:logicalPort>
            <spirit:name>RVALID</spirit:name>
          </spirit:logicalPort>
          <spirit:physicalPort>
            <spirit:name>s00_axi_rvalid</spirit:name>
          </spirit:physicalPort>
        </spirit:portMap>
        <spirit:portMap>
          <spirit:logicalPort>
            <spirit:name>RREADY</spirit:name>
          </spirit:logicalPort>
          <spirit:physicalPort>
            <spirit:name>s00_axi_rready</spirit:name>
          </spirit:physicalPort>
        </spirit:portMap>
      </spirit:portMaps>
      <spirit:parameters>
        <spirit:parameter>
          <spirit:name>WIZ_DATA_WIDTH</spirit:name>
          <spirit:value spirit:format="long" spirit:id="BUSIFPARAM_VALUE.S00_AXI.WIZ_DATA_WIDTH" spirit:choiceRef="choice_list_6fc15197">32</spirit:value>
        </spirit:parameter>
        <spirit:parameter>
          <spirit:name>WIZ_NUM_REG</spirit:name>
          <spirit:value spirit:format="long" spirit:id="BUSIFPARAM_VALUE.S00_AXI.WIZ_NUM_REG" spirit:minimum="4" spirit:maximum="512" spirit:rangeType="long">4</spirit:value>
        </spirit:parameter>
        <spirit:parameter>
          <spirit:name>SUPPORTS_NARROW_BURST</spirit:name>
          <spirit:value spirit:format="long" spirit:id="BUSIFPARAM_VALUE.S00_AXI.SUPPORTS_NARROW_BURST" spirit:choiceRef="choice_pairs_ce1226b1">0</spirit:value>
        </spirit:parameter>
      </spirit:parameters>
    </spirit:busInterface>
    <spirit:busInterface>
      <spirit:name>S00_AXI_RST</spirit:name>
      <spirit:busType spirit:vendor="xilinx.com" spirit:library="signal" spirit:name="reset" spirit:version="1.0"/>
      <spirit:abstractionType spirit:vendor="xilinx.com" spirit:library="signal" spirit:name="reset_rtl" spirit:version="1.0"/>
      <spirit:slave/>
      <spirit:portMaps>
        <spirit:portMap>
          <spirit:logicalPort>
            <spirit:name>RST</spirit:name>
          </spirit:logicalPort>
          <spirit:physicalPort>
            <spirit:name>s00_axi_aresetn</spirit:name>
          </spirit:physicalPort>
        </spirit:portMap>
      </spirit:portMaps>
      <spirit:parameters>
        <spirit:parameter>
          <spirit:name>POLARITY</spirit:name>
          <spirit:value spirit:id="BUSIFPARAM_VALUE.S00_AXI_RST.POLARITY" spirit:choiceRef="choice_list_9d8b0d81">ACTIVE_LOW</spirit:value>
        </spirit:parameter>
      </spirit:parameters>
    </spirit:busInterface>
    <spirit:busInterface>
      <spirit:name>S00_AXI_CLK</spirit:name>
      <spirit:busType spirit:vendor="xilinx.com" spirit:library="signal" spirit:name="clock" spirit:version="1.0"/>
      <spirit:abstractionType spirit:vendor="xilinx.com" spirit:library="signal" spirit:name="clock_rtl" spirit:version="1.0"/>
      <spirit:slave/>
      <spirit:portMaps>
        <spirit:portMap>
          <spirit:logicalPort>
            <spirit:name>CLK</spirit:name>
          </spirit:logicalPort>
          <spirit:physicalPort>
            <spirit:name>s00_axi_aclk</spirit:name>
          </spirit:physicalPort>
        </spirit:portMap>
      </spirit:portMaps>
      <spirit:parameters>
        <spirit:parameter>
          <spirit:name>ASSOCIATED_BUSIF</spirit:name>
          <spirit:value spirit:id="BUSIFPARAM_VALUE.S00_AXI_CLK.ASSOCIATED_BUSIF">S00_AXI</spirit:value>
        </spirit:parameter>
        <spirit:parameter>
          <spirit:name>ASSOCIATED_RESET</spirit:name>
          <spirit:value spirit:id="BUSIFPARAM_VALUE.S00_AXI_CLK.ASSOCIATED_RESET">s00_axi_aresetn</spirit:value>
        </spirit:parameter>
      </spirit:parameters>
    </spirit:busInterface>
  </spirit:busInterfaces>
  <spirit:memoryMaps>
    <spirit:memoryMap>
      <spirit:name>S00_AXI</spirit:name>
      <spirit:addressBlock>
        <spirit:name>S00_AXI_reg</spirit:name>
        <spirit:baseAddress spirit:format="long" spirit:resolve="user">0</spirit:baseAddress>
        <spirit:range spirit:format="long">4096</spirit:range>
        <spirit:width spirit:format="long">32</spirit:width>
        <spirit:usage>register</spirit:usage>
        <spirit:parameters>
          <spirit:parameter>
            <spirit:name>OFFSET_BASE_PARAM</spirit:name>
            <spirit:value spirit:id="ADDRBLOCKPARAM_VALUE.S00_AXI.S00_AXI_REG.OFFSET_BASE_PARAM">C_S00_AXI_BASEADDR</spirit:value>
          </spirit:parameter>
          <spirit:parameter>
            <spirit:name>OFFSET_HIGH_PARAM</spirit:name>
            <spirit:value spirit:id="ADDRBLOCKPARAM_VALUE.S00_AXI.S00_AXI_REG.OFFSET_HIGH_PARAM">C_S00_AXI_HIGHADDR</spirit:value>
          </spirit:parameter>
        </spirit:parameters>
      </spirit:addressBlock>
    </spirit:memoryMap>
  </spirit:memoryMaps>
  <spirit:model>
    <spirit:views>
      <spirit:view>
        <spirit:name>xilinx_verilogsynthesis</spirit:name>
        <spirit:displayName>Verilog Synthesis</spirit:displayName>
        <spirit:envIdentifier>verilogSource:vivado.xilinx.com:synthesis</spirit:envIdentifier>
        <spirit:language>verilog</spirit:language>
        <spirit:modelName>Keyboard_v1_0</spirit:modelName>
        <spirit:fileSetRef>
          <spirit:localName>xilinx_verilogsynthesis_view_fileset</spirit:localName>
        </spirit:fileSetRef>
        <spirit:parameters>
          <spirit:parameter>
            <spirit:name>viewChecksum</spirit:name>
            <spirit:value>b0053075</spirit:value>
          </spirit:parameter>
        </spirit:parameters>
      </spirit:view>
      <spirit:view>
        <spirit:name>xilinx_verilogbehavioralsimulation</spirit:name>
        <spirit:displayName>Verilog Simulation</spirit:displayName>
        <spirit:envIdentifier>verilogSource:vivado.xilinx.com:simulation</spirit:envIdentifier>
        <spirit:language>verilog</spirit:language>
        <spirit:modelName>Keyboard_v1_0</spirit:modelName>
        <spirit:fileSetRef>
          <spirit:localName>xilinx_verilogbehavioralsimulation_view_fileset</spirit:localName>
        </spirit:fileSetRef>
        <spirit:parameters>
          <spirit:parameter>
            <spirit:name>viewChecksum</spirit:name>
            <spirit:value>b0053075</spirit:value>
          </spirit:parameter>
        </spirit:parameters>
      </spirit:view>
      <spirit:view>
        <spirit:name>xilinx_xpgui</spirit:name>
        <spirit:displayName>UI Layout</spirit:displayName>
        <spirit:envIdentifier>:vivado.xilinx.com:xgui.ui</spirit:envIdentifier>
        <spirit:fileSetRef>
          <spirit:localName>xilinx_xpgui_view_fileset</spirit:localName>
        </spirit:fileSetRef>
        <spirit:parameters>
          <spirit:parameter>
            <spirit:name>viewChecksum</spirit:name>
            <spirit:value>0e5443b4</spirit:value>
          </spirit:parameter>
        </spirit:parameters>
      </spirit:view>
      <spirit:view>
        <spirit:name>bd_tcl</spirit:name>
        <spirit:displayName>Block Diagram</spirit:displayName>
        <spirit:envIdentifier>:vivado.xilinx.com:block.diagram</spirit:envIdentifier>
        <spirit:fileSetRef>
          <spirit:localName>bd_tcl_view_fileset</spirit:localName>
        </spirit:fileSetRef>
        <spirit:parameters>
          <spirit:parameter>
            <spirit:name>viewChecksum</spirit:name>
            <spirit:value>16328387</spirit:value>
          </spirit:parameter>
        </spirit:parameters>
      </spirit:view>
    </spirit:views>
    <spirit:ports>
      <spirit:port>
        <spirit:name>keys</spirit:name>
        <spirit:wire>
          <spirit:direction>in</spirit:direction>
          <spirit:vector>
            <spirit:left spirit:format="long">3</spirit:left>
            <spirit:right spirit:format="long">0</spirit:right>
          </spirit:vector>
          <spirit:wireTypeDefs>
            <spirit:wireTypeDef>
              <spirit:typeName>wire</spirit:typeName>
              <spirit:viewNameRef>xilinx_verilogsynthesis</spirit:viewNameRef>
              <spirit:viewNameRef>xilinx_verilogbehavioralsimulation</spirit:viewNameRef>
            </spirit:wireTypeDef>
          </spirit:wireTypeDefs>
        </spirit:wire>
      </spirit:port>
      <spirit:port>
        <spirit:name>s00_axi_aclk</spirit:name>
        <spirit:wire>
          <spirit:direction>in</spirit:direction>
          <spirit:wireTypeDefs>
            <spirit:wireTypeDef>
              <spirit:typeName>wire</spirit:typeName>
              <spirit:viewNameRef>xilinx_verilogsynthesis</spirit:viewNameRef>
              <spirit:viewNameRef>xilinx_verilogbehavioralsimulation</spirit:viewNameRef>
            </spirit:wireTypeDef>
          </spirit:wireTypeDefs>
        </spirit:wire>
      </spirit:port>
      <spirit:port>
        <spirit:name>s00_axi_aresetn</spirit:name>
        <spirit:wire>
          <spirit:direction>in</spirit:direction>
          <spirit:wireTypeDefs>
            <spirit:wireTypeDef>
              <spirit:typeName>wire</spirit:typeName>
              <spirit:viewNameRef>xilinx_verilogsynthesis</spirit:viewNameRef>
              <spirit:viewNameRef>xilinx_verilogbehavioralsimulation</spirit:viewNameRef>
            </spirit:wireTypeDef>
          </spirit:wireTypeDefs>
        </spirit:wire>
      </spirit:port>
      <spirit:port>
        <spirit:name>s00_axi_awaddr</spirit:name>
        <spirit:wire>
          <spirit:direction>in</spirit:direction>
          <spirit:vector>
            <spirit:left spirit:format="long" spirit:resolve="dependent" spirit:dependency="(spirit:decode(id(&apos;MODELPARAM_VALUE.C_S00_AXI_ADDR_WIDTH&apos;)) - 1)">3</spirit:left>
            <spirit:right spirit:format="long">0</spirit:right>
          </spirit:vector>
          <spirit:wireTypeDefs>
            <spirit:wireTypeDef>
              <spirit:typeName>wire</spirit:typeName>
              <spirit:viewNameRef>xilinx_verilogsynthesis</spirit:viewNameRef>
              <spirit:viewNameRef>xilinx_verilogbehavioralsimulation</spirit:viewNameRef>
            </spirit:wireTypeDef>
          </spirit:wireTypeDefs>
        </spirit:wire>
      </spirit:port>
      <spirit:port>
        <spirit:name>s00_axi_awprot</spirit:name>
        <spirit:wire>
          <spirit:direction>in</spirit:direction>
          <spirit:vector>
            <spirit:left spirit:format="long">2</spirit:left>
            <spirit:right spirit:format="long">0</spirit:right>
          </spirit:vector>
          <spirit:wireTypeDefs>
            <spirit:wireTypeDef>
              <spirit:typeName>wire</spirit:typeName>
              <spirit:viewNameRef>xilinx_verilogsynthesis</spirit:viewNameRef>
              <spirit:viewNameRef>xilinx_verilogbehavioralsimulation</spirit:viewNameRef>
            </spirit:wireTypeDef>
          </spirit:wireTypeDefs>
        </spirit:wire>
      </spirit:port>
      <spirit:port>
        <spirit:name>s00_axi_awvalid</spirit:name>
        <spirit:wire>
          <spirit:direction>in</spirit:direction>
          <spirit:wireTypeDefs>
            <spirit:wireTypeDef>
              <spirit:typeName>wire</spirit:typeName>
              <spirit:viewNameRef>xilinx_verilogsynthesis</spirit:viewNameRef>
              <spirit:viewNameRef>xilinx_verilogbehavioralsimulation</spirit:viewNameRef>
            </spirit:wireTypeDef>
          </spirit:wireTypeDefs>
        </spirit:wire>
      </spirit:port>
      <spirit:port>
        <spirit:name>s00_axi_awready</spirit:name>
        <spirit:wire>
          <spirit:direction>out</spirit:direction>
          <spirit:wireTypeDefs>
            <spirit:wireTypeDef>
              <spirit:typeName>wire</spirit:typeName>
              <spirit:viewNameRef>xilinx_verilogsynthesis</spirit:viewNameRef>
              <spirit:viewNameRef>xilinx_verilogbehavioralsimulation</spirit:viewNameRef>
            </spirit:wireTypeDef>
          </spirit:wireTypeDefs>
        </spirit:wire>
      </spirit:port>
      <spirit:port>
        <spirit:name>s00_axi_wdata</spirit:name>
        <spirit:wire>
          <spirit:direction>in</spirit:direction>
          <spirit:vector>
            <spirit:left spirit:format="long" spirit:resolve="dependent" spirit:dependency="(spirit:decode(id(&apos;MODELPARAM_VALUE.C_S00_AXI_DATA_WIDTH&apos;)) - 1)">31</spirit:left>
            <spirit:right spirit:format="long">0</spirit:right>
          </spirit:vector>
          <spirit:wireTypeDefs>
            <spirit:wireTypeDef>
              <spirit:typeName>wire</spirit:typeName>
              <spirit:viewNameRef>xilinx_verilogsynthesis</spirit:viewNameRef>
              <spirit:viewNameRef>xilinx_verilogbehavioralsimulation</spirit:viewNameRef>
            </spirit:wireTypeDef>
          </spirit:wireTypeDefs>
        </spirit:wire>
      </spirit:port>
      <spirit:port>
        <spirit:name>s00_axi_wstrb</spirit:name>
        <spirit:wire>
          <spirit:direction>in</spirit:direction>
          <spirit:vector>
            <spirit:left spirit:format="long" spirit:resolve="dependent" spirit:dependency="((spirit:decode(id(&apos;MODELPARAM_VALUE.C_S00_AXI_DATA_WIDTH&apos;)) / 8) - 1)">3</spirit:left>
            <spirit:right spirit:format="long">0</spirit:right>
          </spirit:vector>
          <spirit:wireTypeDefs>
            <spirit:wireTypeDef>
              <spirit:typeName>wire</spirit:typeName>
              <spirit:viewNameRef>xilinx_verilogsynthesis</spirit:viewNameRef>
              <spirit:viewNameRef>xilinx_verilogbehavioralsimulation</spirit:viewNameRef>
            </spirit:wireTypeDef>
          </spirit:wireTypeDefs>
        </spirit:wire>
      </spirit:port>
      <spirit:port>
        <spirit:name>s00_axi_wvalid</spirit:name>
        <spirit:wire>
          <spirit:direction>in</spirit:direction>
          <spirit:wireTypeDefs>
            <spirit:wireTypeDef>
              <spirit:typeName>wire</spirit:typeName>
              <spirit:viewNameRef>xilinx_verilogsynthesis</spirit:viewNameRef>
              <spirit:viewNameRef>xilinx_verilogbehavioralsimulation</spirit:viewNameRef>
            </spirit:wireTypeDef>
          </spirit:wireTypeDefs>
        </spirit:wire>
      </spirit:port>
      <spirit:port>
        <spirit:name>s00_axi_wready</spirit:name>
        <spirit:wire>
          <spirit:direction>out</spirit:direction>
          <spirit:wireTypeDefs>
            <spirit:wireTypeDef>
              <spirit:typeName>wire</spirit:typeName>
              <spirit:viewNameRef>xilinx_verilogsynthesis</spirit:viewNameRef>
              <spirit:viewNameRef>xilinx_verilogbehavioralsimulation</spirit:viewNameRef>
            </spirit:wireTypeDef>
          </spirit:wireTypeDefs>
        </spirit:wire>
      </spirit:port>
      <spirit:port>
        <spirit:name>s00_axi_bresp</spirit:name>
        <spirit:wire>
          <spirit:direction>out</spirit:direction>
          <spirit:vector>
            <spirit:left spirit:format="long">1</spirit:left>
            <spirit:right spirit:format="long">0</spirit:right>
          </spirit:vector>
          <spirit:wireTypeDefs>
            <spirit:wireTypeDef>
              <spirit:typeName>wire</spirit:typeName>
              <spirit:viewNameRef>xilinx_verilogsynthesis</spirit:viewNameRef>
              <spirit:viewNameRef>xilinx_verilogbehavioralsimulation</spirit:viewNameRef>
            </spirit:wireTypeDef>
          </spirit:wireTypeDefs>
        </spirit:wire>
      </spirit:port>
      <spirit:port>
        <spirit:name>s00_axi_bvalid</spirit:name>
        <spirit:wire>
          <spirit:direction>out</spirit:direction>
          <spirit:wireTypeDefs>
            <spirit:wireTypeDef>
              <spirit:typeName>wire</spirit:typeName>
              <spirit:viewNameRef>xilinx_verilogsynthesis</spirit:viewNameRef>
              <spirit:viewNameRef>xilinx_verilogbehavioralsimulation</spirit:viewNameRef>
            </spirit:wireTypeDef>
          </spirit:wireTypeDefs>
        </spirit:wire>
      </spirit:port>
      <spirit:port>
        <spirit:name>s00_axi_bready</spirit:name>
        <spirit:wire>
          <spirit:direction>in</spirit:direction>
          <spirit:wireTypeDefs>
            <spirit:wireTypeDef>
              <spirit:typeName>wire</spirit:typeName>
              <spirit:viewNameRef>xilinx_verilogsynthesis</spirit:viewNameRef>
              <spirit:viewNameRef>xilinx_verilogbehavioralsimulation</spirit:viewNameRef>
            </spirit:wireTypeDef>
          </spirit:wireTypeDefs>
        </spirit:wire>
      </spirit:port>
      <spirit:port>
        <spirit:name>s00_axi_araddr</spirit:name>
        <spirit:wire>
          <spirit:direction>in</spirit:direction>
          <spirit:vector>
            <spirit:left spirit:format="long" spirit:resolve="dependent" spirit:dependency="(spirit:decode(id(&apos;MODELPARAM_VALUE.C_S00_AXI_ADDR_WIDTH&apos;)) - 1)">3</spirit:left>
            <spirit:right spirit:format="long">0</spirit:right>
          </spirit:vector>
          <spirit:wireTypeDefs>
            <spirit:wireTypeDef>
              <spirit:typeName>wire</spirit:typeName>
              <spirit:viewNameRef>xilinx_verilogsynthesis</spirit:viewNameRef>
              <spirit:viewNameRef>xilinx_verilogbehavioralsimulation</spirit:viewNameRef>
            </spirit:wireTypeDef>
          </spirit:wireTypeDefs>
        </spirit:wire>
      </spirit:port>
      <spirit:port>
        <spirit:name>s00_axi_arprot</spirit:name>
        <spirit:wire>
          <spirit:direction>in</spirit:direction>
          <spirit:vector>
            <spirit:left spirit:format="long">2</spirit:left>
            <spirit:right spirit:format="long">0</spirit:right>
          </spirit:vector>
          <spirit:wireTypeDefs>
            <spirit:wireTypeDef>
              <spirit:typeName>wire</spirit:typeName>
              <spirit:viewNameRef>xilinx_verilogsynthesis</spirit:viewNameRef>
              <spirit:viewNameRef>xilinx_verilogbehavioralsimulation</spirit:viewNameRef>
            </spirit:wireTypeDef>
          </spirit:wireTypeDefs>
        </spirit:wire>
      </spirit:port>
      <spirit:port>
        <spirit:name>s00_axi_arvalid</spirit:name>
        <spirit:wire>
          <spirit:direction>in</spirit:direction>
          <spirit:wireTypeDefs>
            <spirit:wireTypeDef>
              <spirit:typeName>wire</spirit:typeName>
              <spirit:viewNameRef>xilinx_verilogsynthesis</spirit:viewNameRef>
              <spirit:viewNameRef>xilinx_verilogbehavioralsimulation</spirit:viewNameRef>
            </spirit:wireTypeDef>
          </spirit:wireTypeDefs>
        </spirit:wire>
      </spirit:port>
      <spirit:port>
        <spirit:name>s00_axi_arready</spirit:name>
        <spirit:wire>
          <spirit:direction>out</spirit:direction>
          <spirit:wireTypeDefs>
            <spirit:wireTypeDef>
              <spirit:typeName>wire</spirit:typeName>
              <spirit:viewNameRef>xilinx_verilogsynthesis</spirit:viewNameRef>
              <spirit:viewNameRef>xilinx_verilogbehavioralsimulation</spirit:viewNameRef>
            </spirit:wireTypeDef>
          </spirit:wireTypeDefs>
        </spirit:wire>
      </spirit:port>
      <spirit:port>
        <spirit:name>s00_axi_rdata</spirit:name>
        <spirit:wire>
          <spirit:direction>out</spirit:direction>
          <spirit:vector>
            <spirit:left spirit:format="long" spirit:resolve="dependent" spirit:dependency="(spirit:decode(id(&apos;MODELPARAM_VALUE.C_S00_AXI_DATA_WIDTH&apos;)) - 1)">31</spirit:left>
            <spirit:right spirit:format="long">0</spirit:right>
          </spirit:vector>
          <spirit:wireTypeDefs>
            <spirit:wireTypeDef>
              <spirit:typeName>wire</spirit:typeName>
              <spirit:viewNameRef>xilinx_verilogsynthesis</spirit:viewNameRef>
              <spirit:viewNameRef>xilinx_verilogbehavioralsimulation</spirit:viewNameRef>
            </spirit:wireTypeDef>
          </spirit:wireTypeDefs>
        </spirit:wire>
      </spirit:port>
      <spirit:port>
        <spirit:name>s00_axi_rresp</spirit:name>
        <spirit:wire>
          <spirit:direction>out</spirit:direction>
          <spirit:vector>
            <spirit:left spirit:format="long">1</spirit:left>
            <spirit:right spirit:format="long">0</spirit:right>
          </spirit:vector>
          <spirit:wireTypeDefs>
            <spirit:wireTypeDef>
              <spirit:typeName>wire</spirit:typeName>
              <spirit:viewNameRef>xilinx_verilogsynthesis</spirit:viewNameRef>
              <spirit:viewNameRef>xilinx_verilogbehavioralsimulation</spirit:viewNameRef>
            </spirit:wireTypeDef>
          </spirit:wireTypeDefs>
        </spirit:wire>
      </spirit:port>
      <spirit:port>
        <spirit:name>s00_axi_rvalid</spirit:name>
        <spirit:wire>
          <spirit:direction>out</spirit:direction>
          <spirit:wireTypeDefs>
            <spirit:wireTypeDef>
              <spirit:typeName>wire</spirit:typeName>
              <spirit:viewNameRef>xilinx_verilogsynthesis</spirit:viewNameRef>
              <spirit:viewNameRef>xilinx_verilogbehavioralsimulation</spirit:viewNameRef>
            </spirit:wireTypeDef>
          </spirit:wireTypeDefs>
        </spirit:wire>
      </spirit:port>
      <spirit:port>
        <spirit:name>s00_axi_rready</spirit:name>
        <spirit:wire>
          <spirit:direction>in</spirit:direction>
          <spirit:wireTypeDefs>
            <spirit:wireTypeDef>
              <spirit:typeName>wire</spirit:typeName>
              <spirit:viewNameRef>xilinx_verilogsynthesis</spirit:viewNameRef>
              <spirit:viewNameRef>xilinx_verilogbehavioralsimulation</spirit:viewNameRef>
            </spirit:wireTypeDef>
          </spirit:wireTypeDefs>
        </spirit:wire>
      </spirit:port>
    </spirit:ports>
    <spirit:modelParameters>
      <spirit:modelParameter xsi:type="spirit:nameValueTypeType" spirit:dataType="integer">
        <spirit:name>C_S00_AXI_DATA_WIDTH</spirit:name>
        <spirit:displayName>C S00 AXI DATA WIDTH</spirit:displayName>
        <spirit:description>Width of S_AXI data bus</spirit:description>
        <spirit:value spirit:format="long" spirit:resolve="generated" spirit:id="MODELPARAM_VALUE.C_S00_AXI_DATA_WIDTH" spirit:order="3" spirit:rangeType="long">32</spirit:value>
      </spirit:modelParameter>
      <spirit:modelParameter spirit:dataType="integer">
        <spirit:name>C_S00_AXI_ADDR_WIDTH</spirit:name>
        <spirit:displayName>C S00 AXI ADDR WIDTH</spirit:displayName>
        <spirit:description>Width of S_AXI address bus</spirit:description>
        <spirit:value spirit:format="long" spirit:resolve="generated" spirit:id="MODELPARAM_VALUE.C_S00_AXI_ADDR_WIDTH" spirit:order="4" spirit:rangeType="long">4</spirit:value>
      </spirit:modelParameter>
    </spirit:modelParameters>
  </spirit:model>
  <spirit:choices>
    <spirit:choice>
      <spirit:name>choice_list_6fc15197</spirit:name>
      <spirit:enumeration>32</spirit:enumeration>
    </spirit:choice>
    <spirit:choice>
      <spirit:name>choice_list_9d8b0d81</spirit:name>
      <spirit:enumeration>ACTIVE_HIGH</spirit:enumeration>
      <spirit:enumeration>ACTIVE_LOW</spirit:enumeration>
    </spirit:choice>
    <spirit:choice>
      <spirit:name>choice_pairs_ce1226b1</spirit:name>
      <spirit:enumeration spirit:text="true">1</spirit:enumeration>
      <spirit:enumeration spirit:text="false">0</spirit:enumeration>
    </spirit:choice>
  </spirit:choices>
  <spirit:fileSets>
    <spirit:fileSet>
      <spirit:name>xilinx_verilogsynthesis_view_fileset</spirit:name>
      <spirit:file>
        <spirit:name>hdl/Keyboard_v1_0_S00_AXI.v</spirit:name>
        <spirit:fileType>verilogSource</spirit:fileType>
      </spirit:file>
      <spirit:file>
        <spirit:name>hdl/Keyboard_v1_0.v</spirit:name>
        <spirit:fileType>verilogSource</spirit:fileType>
        <spirit:userFileType>CHECKSUM_7846c081</spirit:userFileType>
      </spirit:file>
    </spirit:fileSet>
    <spirit:fileSet>
      <spirit:name>xilinx_verilogbehavioralsimulation_view_fileset</spirit:name>
      <spirit:file>
        <spirit:name>hdl/Keyboard_v1_0_S00_AXI.v</spirit:name>
        <spirit:fileType>verilogSource</spirit:fileType>
      </spirit:file>
      <spirit:file>
        <spirit:name>hdl/Keyboard_v1_0.v</spirit:name>
        <spirit:fileType>verilogSource</spirit:fileType>
      </spirit:file>
    </spirit:fileSet>
    <spirit:fileSet>
      <spirit:name>xilinx_xpgui_view_fileset</spirit:name>
      <spirit:file>
        <spirit:name>xgui/Keyboard_v1_0.tcl</spirit:name>
        <spirit:fileType>tclSource</spirit:fileType>
        <spirit:userFileType>CHECKSUM_0e5443b4</spirit:userFileType>
        <spirit:userFileType>XGUI_VERSION_2</spirit:userFileType>
      </spirit:file>
    </spirit:fileSet>
    <spirit:fileSet>
      <spirit:name>bd_tcl_view_fileset</spirit:name>
      <spirit:file>
        <spirit:name>bd/bd.tcl</spirit:name>
        <spirit:fileType>tclSource</spirit:fileType>
      </spirit:file>
    </spirit:fileSet>
  </spirit:fileSets>
  <spirit:description>reads the status of the outputs and maps them to a register</spirit:description>
  <spirit:parameters>
    <spirit:parameter>
      <spirit:name>C_S00_AXI_DATA_WIDTH</spirit:name>
      <spirit:displayName>C S00 AXI DATA WIDTH</spirit:displayName>
      <spirit:description>Width of S_AXI data bus</spirit:description>
      <spirit:value spirit:format="long" spirit:resolve="user" spirit:id="PARAM_VALUE.C_S00_AXI_DATA_WIDTH" spirit:choiceRef="choice_list_6fc15197" spirit:order="3">32</spirit:value>
      <spirit:vendorExtensions>
        <xilinx:parameterInfo>
          <xilinx:enablement>
            <xilinx:isEnabled xilinx:id="PARAM_ENABLEMENT.C_S00_AXI_DATA_WIDTH">false</xilinx:isEnabled>
          </xilinx:enablement>
        </xilinx:parameterInfo>
      </spirit:vendorExtensions>
    </spirit:parameter>
    <spirit:parameter>
      <spirit:name>C_S00_AXI_ADDR_WIDTH</spirit:name>
      <spirit:displayName>C S00 AXI ADDR WIDTH</spirit:displayName>
      <spirit:description>Width of S_AXI address bus</spirit:description>
      <spirit:value spirit:format="long" spirit:resolve="user" spirit:id="PARAM_VALUE.C_S00_AXI_ADDR_WIDTH" spirit:order="4" spirit:rangeType="long">4</spirit:value>
      <spirit:vendorExtensions>
        <xilinx:parameterInfo>
          <xilinx:enablement>
            <xilinx:isEnabled xilinx:id="PARAM_ENABLEMENT.C_S00_AXI_ADDR_WIDTH">false</xilinx:isEnabled>
          </xilinx:enablement>
        </xilinx:parameterInfo>
      </spirit:vendorExtensions>
    </spirit:parameter>
    <spirit:parameter>
      <spirit:name>C_S00_AXI_BASEADDR</spirit:name>
      <spirit:displayName>C S00 AXI BASEADDR</spirit:displayName>
      <spirit:value spirit:format="bitString" spirit:resolve="user" spirit:id="PARAM_VALUE.C_S00_AXI_BASEADDR" spirit:order="5" spirit:bitStringLength="32">0xFFFFFFFF</spirit:value>
      <spirit:vendorExtensions>
        <xilinx:parameterInfo>
          <xilinx:enablement>
            <xilinx:isEnabled xilinx:id="PARAM_ENABLEMENT.C_S00_AXI_BASEADDR">false</xilinx:isEnabled>
          </xilinx:enablement>
        </xilinx:parameterInfo>
      </spirit:vendorExtensions>
    </spirit:parameter>
    <spirit:parameter>
      <spirit:name>C_S00_AXI_HIGHADDR</spirit:name>
      <spirit:displayName>C S00 AXI HIGHADDR</spirit:displayName>
      <spirit:value spirit:format="bitString" spirit:resolve="user" spirit:id="PARAM_VALUE.C_S00_AXI_HIGHADDR" spirit:order="6" spirit:bitStringLength="32">0x00000000</spirit:value>
      <spirit:vendorExtensions>
        <xilinx:parameterInfo>
          <xilinx:enablement>
            <xilinx:isEnabled xilinx:id="PARAM_ENABLEMENT.C_S00_AXI_HIGHADDR">false</xilinx:isEnabled>
          </xilinx:enablement>
        </xilinx:parameterInfo>
      </spirit:vendorExtensions>
    </spirit:parameter>
    <spirit:parameter>
      <spirit:name>Component_Name</spirit:name>
      <spirit:value spirit:resolve="user" spirit:id="PARAM_VALUE.Component_Name" spirit:order="1">Keyboard_v1_0</spirit:value>
    </spirit:parameter>
  </spirit:parameters>
  <spirit:vendorExtensions>
    <xilinx:coreExtensions>
      <xilinx:supportedFamilies>
        <xilinx:family xilinx:lifeCycle="Pre-Production">zynq</xilinx:family>
      </xilinx:supportedFamilies>
      <xilinx:taxonomies>
        <xilinx:taxonomy>AXI_Peripheral</xilinx:taxonomy>
      </xilinx:taxonomies>
      <xilinx:displayName>Keyboard_v1.0</xilinx:displayName>
      <xilinx:coreRevision>12</xilinx:coreRevision>
      <xilinx:coreCreationDateTime>2021-08-14T10:41:37Z</xilinx:coreCreationDateTime>
      <xilinx:tags>
        <xilinx:tag xilinx:name="ui.data.coregen.dd@224d6156_ARCHIVE_LOCATION">c:/Projects/Vivado/RedPitaya/fpga/prj/Examples/Vga_game/ip_repo/Keyboard_1.0</xilinx:tag>
        <xilinx:tag xilinx:name="ui.data.coregen.dd@1750cd37_ARCHIVE_LOCATION">c:/Projects/Vivado/RedPitaya/fpga/prj/Examples/Vga_game/ip_repo/Keyboard_1.0</xilinx:tag>
        <xilinx:tag xilinx:name="ui.data.coregen.dd@32773547_ARCHIVE_LOCATION">c:/Projects/Vivado/RedPitaya/fpga/prj/Examples/Vga_game/ip_repo/Keyboard_1.0</xilinx:tag>
        <xilinx:tag xilinx:name="ui.data.coregen.dd@33c636ae_ARCHIVE_LOCATION">c:/Projects/Vivado/RedPitaya/fpga/prj/Examples/Vga_game/ip_repo/Keyboard_1.0</xilinx:tag>
        <xilinx:tag xilinx:name="ui.data.coregen.dd@efb96da_ARCHIVE_LOCATION">c:/Projects/Vivado/RedPitaya/fpga/prj/Examples/Vga_game/ip_repo/Keyboard_1.0</xilinx:tag>
        <xilinx:tag xilinx:name="ui.data.coregen.dd@54e7174b_ARCHIVE_LOCATION">c:/Projects/Vivado/RedPitaya/fpga/prj/Examples/Vga_game/ip_repo/Keyboard_1.0</xilinx:tag>
        <xilinx:tag xilinx:name="ui.data.coregen.dd@2eada10_ARCHIVE_LOCATION">c:/Projects/Vivado/RedPitaya/fpga/prj/Examples/Vga_game/ip_repo/Keyboard_1.0</xilinx:tag>
        <xilinx:tag xilinx:name="ui.data.coregen.dd@6f680e7d_ARCHIVE_LOCATION">c:/Projects/Vivado/RedPitaya/fpga/prj/Examples/Vga_game/ip_repo/Keyboard_1.0</xilinx:tag>
        <xilinx:tag xilinx:name="ui.data.coregen.dd@5bc4efd2_ARCHIVE_LOCATION">c:/Projects/Vivado/RedPitaya/fpga/prj/Examples/Vga_game/ip_repo/Keyboard_1.0</xilinx:tag>
        <xilinx:tag xilinx:name="ui.data.coregen.dd@4226cabb_ARCHIVE_LOCATION">c:/Projects/Vivado/RedPitaya/fpga/prj/Examples/Vga_game/ip_repo/Keyboard_1.0</xilinx:tag>
        <xilinx:tag xilinx:name="ui.data.coregen.dd@6446b02b_ARCHIVE_LOCATION">c:/Projects/Vivado/RedPitaya/fpga/prj/Examples/Vga_game/ip_repo/Keyboard_1.0</xilinx:tag>
        <xilinx:tag xilinx:name="ui.data.coregen.dd@2bfde8de_ARCHIVE_LOCATION">c:/Projects/Vivado/RedPitaya/fpga/prj/Examples/Vga_game/ip_repo/Keyboard_1.0</xilinx:tag>
        <xilinx:tag xilinx:name="ui.data.coregen.dd@44556408_ARCHIVE_LOCATION">c:/Projects/Vivado/RedPitaya/fpga/prj/Examples/Vga_game/ip_repo/Keyboard_1.0</xilinx:tag>
        <xilinx:tag xilinx:name="ui.data.coregen.dd@10286698_ARCHIVE_LOCATION">c:/Projects/Vivado/RedPitaya/fpga/prj/Examples/Vga_game/ip_repo/Keyboard_1.0</xilinx:tag>
        <xilinx:tag xilinx:name="ui.data.coregen.dd@41c54a56_ARCHIVE_LOCATION">c:/Projects/Vivado/RedPitaya/fpga/prj/Examples/Vga_game/ip_repo/Keyboard_1.0</xilinx:tag>
        <xilinx:tag xilinx:name="ui.data.coregen.dd@6ad27f04_ARCHIVE_LOCATION">c:/Projects/Vivado/RedPitaya/fpga/prj/Examples/Vga_game/ip_repo/Keyboard_1.0</xilinx:tag>
        <xilinx:tag xilinx:name="ui.data.coregen.dd@44809d41_ARCHIVE_LOCATION">c:/Projects/Vivado/RedPitaya/fpga/prj/Examples/Vga_game/ip_repo/Keyboard_1.0</xilinx:tag>
        <xilinx:tag xilinx:name="ui.data.coregen.dd@135c2964_ARCHIVE_LOCATION">c:/Projects/Vivado/RedPitaya/fpga/prj/Examples/Vga_game/ip_repo/Keyboard_1.0</xilinx:tag>
        <xilinx:tag xilinx:name="ui.data.coregen.dd@8d1670_ARCHIVE_LOCATION">c:/Projects/Vivado/RedPitaya/fpga/prj/Examples/Vga_game/ip_repo/Keyboard_1.0</xilinx:tag>
        <xilinx:tag xilinx:name="ui.data.coregen.dd@b9c818a_ARCHIVE_LOCATION">c:/Projects/Vivado/RedPitaya/fpga/prj/Examples/Vga_game/ip_repo/Keyboard_1.0</xilinx:tag>
        <xilinx:tag xilinx:name="ui.data.coregen.dd@cd9ca1e_ARCHIVE_LOCATION">c:/Projects/Vivado/RedPitaya/fpga/prj/Examples/Vga_game/ip_repo/Keyboard_1.0</xilinx:tag>
        <xilinx:tag xilinx:name="ui.data.coregen.dd@55eb3d22_ARCHIVE_LOCATION">c:/Projects/Vivado/RedPitaya/fpga/prj/Examples/Vga_game/ip_repo/Keyboard_1.0</xilinx:tag>
        <xilinx:tag xilinx:name="ui.data.coregen.dd@72d19ef5_ARCHIVE_LOCATION">c:/Projects/Vivado/RedPitaya/fpga/prj/Examples/Vga_game/ip_repo/Keyboard_1.0</xilinx:tag>
        <xilinx:tag xilinx:name="ui.data.coregen.dd@3ef9baee_ARCHIVE_LOCATION">c:/Projects/Vivado/RedPitaya/fpga/prj/Examples/Vga_game/ip_repo/Keyboard_1.0</xilinx:tag>
        <xilinx:tag xilinx:name="ui.data.coregen.dd@2539a83d_ARCHIVE_LOCATION">c:/Projects/Vivado/RedPitaya/fpga/prj/Examples/Vga_game/ip_repo/Keyboard_1.0</xilinx:tag>
        <xilinx:tag xilinx:name="ui.data.coregen.dd@5c2778cb_ARCHIVE_LOCATION">c:/Projects/Vivado/RedPitaya/fpga/prj/Examples/Vga_game/ip_repo/Keyboard_1.0</xilinx:tag>
        <xilinx:tag xilinx:name="ui.data.coregen.dd@45b245b5_ARCHIVE_LOCATION">c:/Projects/Vivado/RedPitaya/fpga/prj/Examples/Vga_game/ip_repo/Keyboard_1.0</xilinx:tag>
        <xilinx:tag xilinx:name="ui.data.coregen.dd@56306a5f_ARCHIVE_LOCATION">c:/Projects/Vivado/RedPitaya/fpga/prj/Examples/Vga_game/ip_repo/Keyboard_1.0</xilinx:tag>
        <xilinx:tag xilinx:name="ui.data.coregen.dd@55bdbc1f_ARCHIVE_LOCATION">c:/Projects/Vivado/RedPitaya/fpga/prj/Examples/Vga_game/ip_repo/Keyboard_1.0</xilinx:tag>
        <xilinx:tag xilinx:name="ui.data.coregen.dd@7e53564b_ARCHIVE_LOCATION">c:/Projects/Vivado/RedPitaya/fpga/prj/Examples/Vga_game/ip_repo/Keyboard_1.0</xilinx:tag>
        <xilinx:tag xilinx:name="ui.data.coregen.dd@211df3a3_ARCHIVE_LOCATION">c:/Projects/Vivado/RedPitaya/fpga/prj/Examples/Vga_game/ip_repo/Keyboard_1.0</xilinx:tag>
        <xilinx:tag xilinx:name="ui.data.coregen.dd@6f12839c_ARCHIVE_LOCATION">c:/Projects/Vivado/RedPitaya/fpga/prj/Examples/Vga_game/ip_repo/Keyboard_1.0</xilinx:tag>
        <xilinx:tag xilinx:name="ui.data.coregen.dd@63ebcc40_ARCHIVE_LOCATION">c:/Projects/Vivado/RedPitaya/fpga/prj/Examples/Vga_game/ip_repo/Keyboard_1.0</xilinx:tag>
        <xilinx:tag xilinx:name="ui.data.coregen.dd@53436c9b_ARCHIVE_LOCATION">c:/Projects/Vivado/RedPitaya/fpga/prj/Examples/Vga_game/ip_repo/Keyboard_1.0</xilinx:tag>
        <xilinx:tag xilinx:name="ui.data.coregen.dd@2fc0c97c_ARCHIVE_LOCATION">c:/Projects/Vivado/RedPitaya/fpga/prj/Examples/Vga_game/ip_repo/Keyboard_1.0</xilinx:tag>
        <xilinx:tag xilinx:name="ui.data.coregen.dd@4f9f87e8_ARCHIVE_LOCATION">c:/Projects/Vivado/RedPitaya/fpga/prj/Examples/Vga_game/ip_repo/Keyboard_1.0</xilinx:tag>
        <xilinx:tag xilinx:name="ui.data.coregen.dd@580fec2b_ARCHIVE_LOCATION">c:/Projects/Vivado/RedPitaya/fpga/prj/Examples/Vga_game/ip_repo/Keyboard_1.0</xilinx:tag>
        <xilinx:tag xilinx:name="ui.data.coregen.dd@5e9a00ce_ARCHIVE_LOCATION">c:/Projects/Vivado/RedPitaya/fpga/prj/Examples/Vga_game/ip_repo/Keyboard_1.0</xilinx:tag>
        <xilinx:tag xilinx:name="ui.data.coregen.dd@4e5dac6b_ARCHIVE_LOCATION">c:/Projects/Vivado/RedPitaya/fpga/prj/Examples/Vga_game/ip_repo/Keyboard_1.0</xilinx:tag>
        <xilinx:tag xilinx:name="ui.data.coregen.dd@26a4f951_ARCHIVE_LOCATION">c:/Projects/Vivado/RedPitaya/fpga/prj/Examples/Vga_game/ip_repo/Keyboard_1.0</xilinx:tag>
        <xilinx:tag xilinx:name="ui.data.coregen.dd@f88743e_ARCHIVE_LOCATION">c:/Projects/Vivado/RedPitaya/fpga/prj/Examples/Vga_game/ip_repo/Keyboard_1.0</xilinx:tag>
        <xilinx:tag xilinx:name="ui.data.coregen.dd@32e9b496_ARCHIVE_LOCATION">c:/Projects/Vivado/RedPitaya/fpga/prj/Examples/Vga_game/ip_repo/Keyboard_1.0</xilinx:tag>
        <xilinx:tag xilinx:name="ui.data.coregen.dd@51e9f7b9_ARCHIVE_LOCATION">c:/Projects/Vivado/RedPitaya/fpga/prj/Examples/Vga_game/ip_repo/Keyboard_1.0</xilinx:tag>
        <xilinx:tag xilinx:name="ui.data.coregen.dd@10d7e42e_ARCHIVE_LOCATION">c:/Projects/Vivado/RedPitaya/fpga/prj/Examples/Vga_game/ip_repo/Keyboard_1.0</xilinx:tag>
        <xilinx:tag xilinx:name="ui.data.coregen.dd@1da789b8_ARCHIVE_LOCATION">c:/Projects/Vivado/RedPitaya/fpga/prj/Examples/Vga_game/ip_repo/Keyboard_1.0</xilinx:tag>
        <xilinx:tag xilinx:name="ui.data.coregen.dd@1fed098_ARCHIVE_LOCATION">c:/Projects/Vivado/RedPitaya/fpga/prj/Examples/Vga_game/ip_repo/Keyboard_1.0</xilinx:tag>
        <xilinx:tag xilinx:name="ui.data.coregen.dd@1ce246bd_ARCHIVE_LOCATION">c:/Projects/Vivado/RedPitaya/fpga/prj/Examples/Vga_game/ip_repo/Keyboard_1.0</xilinx:tag>
        <xilinx:tag xilinx:name="ui.data.coregen.dd@5564f932_ARCHIVE_LOCATION">c:/Projects/Vivado/RedPitaya/fpga/prj/Examples/Vga_game/ip_repo/Keyboard_1.0</xilinx:tag>
        <xilinx:tag xilinx:name="ui.data.coregen.dd@38454261_ARCHIVE_LOCATION">c:/Projects/Vivado/RedPitaya/fpga/prj/Examples/Vga_game/ip_repo/Keyboard_1.0</xilinx:tag>
        <xilinx:tag xilinx:name="ui.data.coregen.dd@45d572dd_ARCHIVE_LOCATION">c:/Projects/Vivado/RedPitaya/fpga/prj/Examples/Vga_game/ip_repo/Keyboard_1.0</xilinx:tag>
        <xilinx:tag xilinx:name="ui.data.coregen.dd@7e8aef5a_ARCHIVE_LOCATION">c:/Projects/Vivado/RedPitaya/fpga/prj/Examples/Vga_game/ip_repo/Keyboard_1.0</xilinx:tag>
        <xilinx:tag xilinx:name="ui.data.coregen.dd@ace26a8_ARCHIVE_LOCATION">c:/Projects/Vivado/RedPitaya/fpga/prj/Examples/Vga_game/ip_repo/Keyboard_1.0</xilinx:tag>
        <xilinx:tag xilinx:name="ui.data.coregen.dd@1a812a15_ARCHIVE_LOCATION">c:/Projects/Vivado/RedPitaya/fpga/prj/Examples/Vga_game/ip_repo/Keyboard_1.0</xilinx:tag>
        <xilinx:tag xilinx:name="ui.data.coregen.dd@5989078f_ARCHIVE_LOCATION">c:/Projects/Vivado/RedPitaya/fpga/prj/Examples/Vga_game/ip_repo/Keyboard_1.0</xilinx:tag>
        <xilinx:tag xilinx:name="ui.data.coregen.dd@320a09f9_ARCHIVE_LOCATION">c:/Projects/Vivado/RedPitaya/fpga/prj/Examples/Vga_game/ip_repo/Keyboard_1.0</xilinx:tag>
        <xilinx:tag xilinx:name="ui.data.coregen.dd@303e4751_ARCHIVE_LOCATION">c:/Projects/Vivado/RedPitaya/fpga/prj/Examples/Vga_game/ip_repo/Keyboard_1.0</xilinx:tag>
        <xilinx:tag xilinx:name="ui.data.coregen.dd@37d28422_ARCHIVE_LOCATION">c:/Projects/Vivado/RedPitaya/fpga/prj/Examples/Vga_game/ip_repo/Keyboard_1.0</xilinx:tag>
        <xilinx:tag xilinx:name="ui.data.coregen.dd@350eea54_ARCHIVE_LOCATION">c:/Projects/Vivado/RedPitaya/fpga/prj/Examples/Vga_game/ip_repo/Keyboard_1.0</xilinx:tag>
        <xilinx:tag xilinx:name="ui.data.coregen.dd@38f07f7b_ARCHIVE_LOCATION">c:/Projects/Vivado/RedPitaya/fpga/prj/Examples/Vga_game/ip_repo/Keyboard_1.0</xilinx:tag>
        <xilinx:tag xilinx:name="ui.data.coregen.dd@6fd6bff7_ARCHIVE_LOCATION">c:/Projects/Vivado/RedPitaya/fpga/prj/Examples/Vga_game/ip_repo/Keyboard_1.0</xilinx:tag>
        <xilinx:tag xilinx:name="ui.data.coregen.dd@769fc799_ARCHIVE_LOCATION">c:/Projects/Vivado/RedPitaya/fpga/prj/Examples/Vga_game/ip_repo/Keyboard_1.0</xilinx:tag>
        <xilinx:tag xilinx:name="ui.data.coregen.dd@76e51648_ARCHIVE_LOCATION">c:/Projects/Vivado/RedPitaya/fpga/prj/Examples/Vga_game/ip_repo/Keyboard_1.0</xilinx:tag>
        <xilinx:tag xilinx:name="ui.data.coregen.dd@7d976ade_ARCHIVE_LOCATION">c:/Projects/Vivado/RedPitaya/fpga/prj/Examples/Vga_game/ip_repo/Keyboard_1.0</xilinx:tag>
        <xilinx:tag xilinx:name="ui.data.coregen.dd@57be30e1_ARCHIVE_LOCATION">c:/Projects/Vivado/RedPitaya/fpga/prj/Examples/Vga_game/ip_repo/Keyboard_1.0</xilinx:tag>
        <xilinx:tag xilinx:name="ui.data.coregen.dd@7b964a6f_ARCHIVE_LOCATION">c:/Projects/Vivado/RedPitaya/fpga/prj/Examples/Vga_game/ip_repo/Keyboard_1.0</xilinx:tag>
        <xilinx:tag xilinx:name="ui.data.coregen.dd@660bcaaa_ARCHIVE_LOCATION">c:/Projects/Vivado/RedPitaya/fpga/prj/Examples/Vga_game/ip_repo/Keyboard_1.0</xilinx:tag>
        <xilinx:tag xilinx:name="ui.data.coregen.dd@55a61eb2_ARCHIVE_LOCATION">c:/Projects/Vivado/RedPitaya/fpga/prj/Examples/Vga_game/ip_repo/Keyboard_1.0</xilinx:tag>
        <xilinx:tag xilinx:name="ui.data.coregen.dd@7452734b_ARCHIVE_LOCATION">c:/Projects/Vivado/RedPitaya/fpga/prj/Examples/Vga_game/ip_repo/Keyboard_1.0</xilinx:tag>
        <xilinx:tag xilinx:name="ui.data.coregen.dd@6d35b23e_ARCHIVE_LOCATION">c:/Projects/Vivado/RedPitaya/fpga/prj/Examples/Vga_game/ip_repo/Keyboard_1.0</xilinx:tag>
        <xilinx:tag xilinx:name="ui.data.coregen.dd@1fd265e8_ARCHIVE_LOCATION">c:/Projects/Vivado/RedPitaya/fpga/prj/Examples/Vga_game/ip_repo/Keyboard_1.0</xilinx:tag>
        <xilinx:tag xilinx:name="ui.data.coregen.dd@1e609434_ARCHIVE_LOCATION">c:/Projects/Vivado/RedPitaya/fpga/prj/Examples/Vga_game/ip_repo/Keyboard_1.0</xilinx:tag>
        <xilinx:tag xilinx:name="ui.data.coregen.dd@63dde417_ARCHIVE_LOCATION">c:/Projects/Vivado/RedPitaya/fpga/prj/Examples/Vga_game/ip_repo/Keyboard_1.0</xilinx:tag>
        <xilinx:tag xilinx:name="ui.data.coregen.dd@24a9f338_ARCHIVE_LOCATION">c:/Projects/Vivado/RedPitaya/fpga/prj/Examples/Vga_game/ip_repo/Keyboard_1.0</xilinx:tag>
        <xilinx:tag xilinx:name="ui.data.coregen.dd@7ec484c0_ARCHIVE_LOCATION">c:/Projects/Vivado/RedPitaya/fpga/prj/Examples/Vga_game/ip_repo/Keyboard_1.0</xilinx:tag>
        <xilinx:tag xilinx:name="ui.data.coregen.dd@3bdf2bed_ARCHIVE_LOCATION">c:/Projects/Vivado/RedPitaya/fpga/prj/Examples/Vga_game/ip_repo/Keyboard_1.0</xilinx:tag>
        <xilinx:tag xilinx:name="ui.data.coregen.dd@2b7293e4_ARCHIVE_LOCATION">c:/Projects/Vivado/RedPitaya/fpga/prj/Examples/Vga_game/ip_repo/Keyboard_1.0</xilinx:tag>
        <xilinx:tag xilinx:name="ui.data.coregen.dd@79b4a7cf_ARCHIVE_LOCATION">c:/Projects/Vivado/RedPitaya/fpga/prj/Examples/Vga_game/ip_repo/Keyboard_1.0</xilinx:tag>
        <xilinx:tag xilinx:name="ui.data.coregen.dd@48cf0499_ARCHIVE_LOCATION">c:/Projects/Vivado/RedPitaya/fpga/prj/Examples/Vga_game/ip_repo/Keyboard_1.0</xilinx:tag>
        <xilinx:tag xilinx:name="ui.data.coregen.dd@24b04e3a_ARCHIVE_LOCATION">c:/Projects/Vivado/RedPitaya/fpga/prj/Examples/Vga_game/ip_repo/Keyboard_1.0</xilinx:tag>
        <xilinx:tag xilinx:name="ui.data.coregen.dd@2abfdb6b_ARCHIVE_LOCATION">c:/Projects/Vivado/RedPitaya/fpga/prj/Examples/Vga_game/ip_repo/Keyboard_1.0</xilinx:tag>
        <xilinx:tag xilinx:name="ui.data.coregen.dd@717eedfc_ARCHIVE_LOCATION">c:/Projects/Vivado/RedPitaya/fpga/prj/Examples/Vga_game/ip_repo/Keyboard_1.0</xilinx:tag>
        <xilinx:tag xilinx:name="ui.data.coregen.dd@7742cd11_ARCHIVE_LOCATION">c:/Projects/Vivado/RedPitaya/fpga/prj/Examples/Vga_game/ip_repo/Keyboard_1.0</xilinx:tag>
        <xilinx:tag xilinx:name="ui.data.coregen.dd@1f53589a_ARCHIVE_LOCATION">c:/Projects/Vivado/RedPitaya/fpga/prj/Examples/Vga_game/ip_repo/Keyboard_1.0</xilinx:tag>
        <xilinx:tag xilinx:name="ui.data.coregen.dd@cfdb91b_ARCHIVE_LOCATION">c:/Projects/Vivado/RedPitaya/fpga/prj/Examples/Vga_game/ip_repo/Keyboard_1.0</xilinx:tag>
        <xilinx:tag xilinx:name="ui.data.coregen.dd@5d09b69c_ARCHIVE_LOCATION">c:/Projects/Vivado/RedPitaya/fpga/prj/Examples/Vga_game/ip_repo/Keyboard_1.0</xilinx:tag>
        <xilinx:tag xilinx:name="ui.data.coregen.dd@13ecd325_ARCHIVE_LOCATION">c:/Projects/Vivado/RedPitaya/fpga/prj/Examples/Vga_game/ip_repo/Keyboard_1.0</xilinx:tag>
        <xilinx:tag xilinx:name="ui.data.coregen.dd@467404cb_ARCHIVE_LOCATION">c:/Projects/Vivado/RedPitaya/fpga/prj/Examples/Vga_game/ip_repo/Keyboard_1.0</xilinx:tag>
        <xilinx:tag xilinx:name="ui.data.coregen.dd@7d5fa98c_ARCHIVE_LOCATION">c:/Projects/Vivado/RedPitaya/fpga/prj/Examples/Vga_game/ip_repo/Keyboard_1.0</xilinx:tag>
        <xilinx:tag xilinx:name="ui.data.coregen.dd@4b7721ec_ARCHIVE_LOCATION">c:/Projects/Vivado/RedPitaya/fpga/prj/Examples/Vga_game/ip_repo/Keyboard_1.0</xilinx:tag>
        <xilinx:tag xilinx:name="ui.data.coregen.dd@6c5fd205_ARCHIVE_LOCATION">c:/Projects/Vivado/RedPitaya/fpga/prj/Examples/Vga_game/ip_repo/Keyboard_1.0</xilinx:tag>
        <xilinx:tag xilinx:name="ui.data.coregen.dd@6dd4f0_ARCHIVE_LOCATION">c:/Projects/Vivado/RedPitaya/fpga/prj/Examples/Vga_game/ip_repo/Keyboard_1.0</xilinx:tag>
        <xilinx:tag xilinx:name="ui.data.coregen.dd@30b25ba_ARCHIVE_LOCATION">c:/Projects/Vivado/RedPitaya/fpga/prj/Examples/Vga_game/ip_repo/Keyboard_1.0</xilinx:tag>
        <xilinx:tag xilinx:name="ui.data.coregen.dd@1bf09b85_ARCHIVE_LOCATION">c:/Users/y.morgunov/workspace/A014-RedPitaya/RedPitaya/fpga/prj/Examples/Vga_game/ip_repo/Keyboard_1.0</xilinx:tag>
        <xilinx:tag xilinx:name="ui.data.coregen.dd@477ec4c0_ARCHIVE_LOCATION">c:/Users/y.morgunov/workspace/A014-RedPitaya/RedPitaya/fpga/prj/Examples/Vga_game/ip_repo/Keyboard_1.0</xilinx:tag>
        <xilinx:tag xilinx:name="ui.data.coregen.dd@1ee7a661_ARCHIVE_LOCATION">c:/Users/y.morgunov/workspace/A014-RedPitaya/RedPitaya/fpga/prj/Examples/Vga_game/ip_repo/Keyboard_1.0</xilinx:tag>
        <xilinx:tag xilinx:name="ui.data.coregen.dd@6dfad47a_ARCHIVE_LOCATION">c:/Users/y.morgunov/workspace/A014-RedPitaya/RedPitaya/fpga/prj/Examples/Vga_game/ip_repo/Keyboard_1.0</xilinx:tag>
        <xilinx:tag xilinx:name="ui.data.coregen.dd@e6f8094_ARCHIVE_LOCATION">c:/Users/y.morgunov/workspace/A014-RedPitaya/RedPitaya/fpga/prj/Examples/Vga_game/ip_repo/Keyboard_1.0</xilinx:tag>
        <xilinx:tag xilinx:name="ui.data.coregen.dd@67012ae7_ARCHIVE_LOCATION">c:/Users/y.morgunov/workspace/A014-RedPitaya/RedPitaya/fpga/prj/Examples/Vga_game/ip_repo/Keyboard_1.0</xilinx:tag>
        <xilinx:tag xilinx:name="ui.data.coregen.dd@51383ac4_ARCHIVE_LOCATION">c:/Users/y.morgunov/workspace/A014-RedPitaya/RedPitaya/fpga/prj/Examples/Vga_game/ip_repo/Keyboard_1.0</xilinx:tag>
        <xilinx:tag xilinx:name="ui.data.coregen.dd@60785f48_ARCHIVE_LOCATION">c:/Users/y.morgunov/workspace/A014-RedPitaya/RedPitaya/fpga/prj/Examples/Vga_game/ip_repo/Keyboard_1.0</xilinx:tag>
        <xilinx:tag xilinx:name="ui.data.coregen.dd@7200ae7_ARCHIVE_LOCATION">c:/Users/y.morgunov/workspace/A014-RedPitaya/RedPitaya/fpga/prj/Examples/Vga_game/ip_repo/Keyboard_1.0</xilinx:tag>
        <xilinx:tag xilinx:name="ui.data.coregen.dd@182dfa97_ARCHIVE_LOCATION">c:/Users/y.morgunov/workspace/A014-RedPitaya/RedPitaya/fpga/prj/Examples/Vga_game/ip_repo/Keyboard_1.0</xilinx:tag>
        <xilinx:tag xilinx:name="ui.data.coregen.dd@604e095a_ARCHIVE_LOCATION">c:/Users/y.morgunov/workspace/A014-RedPitaya/RedPitaya/fpga/prj/Examples/Vga_game/ip_repo/Keyboard_1.0</xilinx:tag>
        <xilinx:tag xilinx:name="ui.data.coregen.dd@507811b6_ARCHIVE_LOCATION">c:/Users/y.morgunov/workspace/A014-RedPitaya/RedPitaya/fpga/prj/Examples/Vga_game/ip_repo/Keyboard_1.0</xilinx:tag>
        <xilinx:tag xilinx:name="ui.data.coregen.dd@4b300042_ARCHIVE_LOCATION">c:/Users/y.morgunov/workspace/A014-RedPitaya/RedPitaya/fpga/prj/Examples/Vga_game/ip_repo/Keyboard_1.0</xilinx:tag>
        <xilinx:tag xilinx:name="ui.data.coregen.dd@554ebfd6_ARCHIVE_LOCATION">c:/Users/y.morgunov/workspace/A014-RedPitaya/RedPitaya/fpga/prj/Examples/Vga_game/ip_repo/Keyboard_1.0</xilinx:tag>
        <xilinx:tag xilinx:name="ui.data.coregen.dd@1e99d6af_ARCHIVE_LOCATION">c:/Users/y.morgunov/workspace/A014-RedPitaya/RedPitaya/fpga/prj/Examples/Vga_game/ip_repo/Keyboard_1.0</xilinx:tag>
        <xilinx:tag xilinx:name="ui.data.coregen.dd@1ab9dad1_ARCHIVE_LOCATION">c:/Users/y.morgunov/workspace/A014-RedPitaya/RedPitaya/fpga/prj/Examples/Vga_game/ip_repo/Keyboard_1.0</xilinx:tag>
        <xilinx:tag xilinx:name="ui.data.coregen.dd@5f3861d_ARCHIVE_LOCATION">c:/Users/y.morgunov/workspace/A014-RedPitaya/RedPitaya/fpga/prj/Examples/Vga_game/ip_repo/Keyboard_1.0</xilinx:tag>
        <xilinx:tag xilinx:name="ui.data.coregen.dd@3de2ad6d_ARCHIVE_LOCATION">c:/Users/y.morgunov/workspace/A014-RedPitaya/RedPitaya/fpga/prj/Examples/Vga_game/ip_repo/Keyboard_1.0</xilinx:tag>
        <xilinx:tag xilinx:name="ui.data.coregen.dd@5dd20bc6_ARCHIVE_LOCATION">c:/Users/y.morgunov/workspace/A014-RedPitaya/RedPitaya/fpga/prj/Examples/Vga_game/ip_repo/Keyboard_1.0</xilinx:tag>
        <xilinx:tag xilinx:name="ui.data.coregen.dd@6327fb6_ARCHIVE_LOCATION">c:/Users/y.morgunov/workspace/A014-RedPitaya/RedPitaya/fpga/prj/Examples/Vga_game/ip_repo/Keyboard_1.0</xilinx:tag>
        <xilinx:tag xilinx:name="ui.data.coregen.dd@679d2acb_ARCHIVE_LOCATION">c:/Users/y.morgunov/workspace/A014-RedPitaya/RedPitaya/fpga/prj/Examples/Vga_game/ip_repo/Keyboard_1.0</xilinx:tag>
        <xilinx:tag xilinx:name="ui.data.coregen.dd@6657febb_ARCHIVE_LOCATION">c:/Users/y.morgunov/workspace/A014-RedPitaya/RedPitaya/fpga/prj/Examples/Vga_game/ip_repo/Keyboard_1.0</xilinx:tag>
        <xilinx:tag xilinx:name="ui.data.coregen.dd@1322d69_ARCHIVE_LOCATION">c:/Users/y.morgunov/workspace/A014-RedPitaya/RedPitaya/fpga/prj/Examples/Vga_game/ip_repo/Keyboard_1.0</xilinx:tag>
        <xilinx:tag xilinx:name="ui.data.coregen.dd@1436166a_ARCHIVE_LOCATION">c:/Users/y.morgunov/workspace/A014-RedPitaya/RedPitaya/fpga/prj/Examples/Vga_game/ip_repo/Keyboard_1.0</xilinx:tag>
        <xilinx:tag xilinx:name="ui.data.coregen.dd@51f35ab4_ARCHIVE_LOCATION">c:/Users/y.morgunov/workspace/A014-RedPitaya/RedPitaya/fpga/prj/Examples/Vga_game/ip_repo/Keyboard_1.0</xilinx:tag>
        <xilinx:tag xilinx:name="ui.data.coregen.dd@6fa50a3b_ARCHIVE_LOCATION">c:/Users/y.morgunov/workspace/A014-RedPitaya/RedPitaya/fpga/prj/Examples/Vga_game/ip_repo/Keyboard_1.0</xilinx:tag>
        <xilinx:tag xilinx:name="ui.data.coregen.dd@370dc005_ARCHIVE_LOCATION">c:/Users/y.morgunov/workspace/A014-RedPitaya/RedPitaya/fpga/prj/Examples/Vga_game/ip_repo/Keyboard_1.0</xilinx:tag>
        <xilinx:tag xilinx:name="ui.data.coregen.dd@6b0434a6_ARCHIVE_LOCATION">c:/Users/y.morgunov/workspace/A014-RedPitaya/RedPitaya/fpga/prj/Examples/Vga_game/ip_repo/Keyboard_1.0</xilinx:tag>
        <xilinx:tag xilinx:name="ui.data.coregen.dd@6f61556_ARCHIVE_LOCATION">c:/Users/y.morgunov/workspace/A014-RedPitaya/RedPitaya/fpga/prj/Examples/Vga_game/ip_repo/Keyboard_1.0</xilinx:tag>
        <xilinx:tag xilinx:name="ui.data.coregen.dd@5d260f5a_ARCHIVE_LOCATION">c:/Users/y.morgunov/workspace/A014-RedPitaya/RedPitaya/fpga/prj/Examples/Vga_game/ip_repo/Keyboard_1.0</xilinx:tag>
        <xilinx:tag xilinx:name="ui.data.coregen.dd@2f44e969_ARCHIVE_LOCATION">c:/Users/y.morgunov/workspace/A014-RedPitaya/RedPitaya/fpga/prj/Examples/Vga_game/ip_repo/Keyboard_1.0</xilinx:tag>
        <xilinx:tag xilinx:name="ui.data.coregen.dd@7cf5721a_ARCHIVE_LOCATION">c:/Users/y.morgunov/workspace/A014-RedPitaya/RedPitaya/fpga/prj/Examples/Vga_game/ip_repo/Keyboard_1.0</xilinx:tag>
        <xilinx:tag xilinx:name="ui.data.coregen.dd@769bc438_ARCHIVE_LOCATION">c:/Users/y.morgunov/workspace/A014-RedPitaya/RedPitaya/fpga/prj/Examples/Vga_game/ip_repo/Keyboard_1.0</xilinx:tag>
      </xilinx:tags>
    </xilinx:coreExtensions>
    <xilinx:packagingInfo>
      <xilinx:xilinxVersion>2020.1</xilinx:xilinxVersion>
      <xilinx:checksum xilinx:scope="busInterfaces" xilinx:value="7a63f3fc"/>
      <xilinx:checksum xilinx:scope="memoryMaps" xilinx:value="ed1368d5"/>
      <xilinx:checksum xilinx:scope="fileGroups" xilinx:value="357670db"/>
      <xilinx:checksum xilinx:scope="ports" xilinx:value="163ef020"/>
      <xilinx:checksum xilinx:scope="hdlParameters" xilinx:value="6992ea72"/>
      <xilinx:checksum xilinx:scope="parameters" xilinx:value="c05ae2c4"/>
    </xilinx:packagingInfo>
  </spirit:vendorExtensions>
</spirit:component>
